Cluster_Label,Avg Quantity (Mean),Std Dev (Quantity),Min Quantity,25th Percentile (Quantity),Median Quantity,75th Percentile (Quantity),Max Quantity,Total Count
High Demand,27.594229900632342,29.949608650509234,2.0,9.0,17.333333333333332,28.0,240.0,214.0
Low Demand,1.0,0.0,1.0,1.0,1.0,1.0,1.0,16.0
Medium Demand,13.029548197048854,15.853066503026227,1.0,5.684210526315789,9.052631578947368,14.723684210526315,3114.0,53007.0
Noise,5373.733333333334,19052.426768812216,1.0,61.0,144.0,1008.0,74215.0,15.0
Very High Demand,81.76744572939968,72.0585669387701,1.0,25.625,60.0,121.0,576.0,289.0
